<?xml version="1.0" encoding="utf-8"?>
<ui>
	<menubar name="IntegratedUIMenu">
		<menu name="File" action="File">
			<menuitem name="FileNew" action="FileNew" />
			<menuitem name="FileOpen" action="FileOpen" />
			<separator name="FileSep1" />

			<menuitem name="FileSave" action="FileSave" />
			<menuitem name="FileSaveas" action="FileSaveas" />
			<menuitem name="FileExport" action="FileExport" />
			<separator name="FileSep2" />

			<menuitem name="FileTree" action="FileTree" />
			<menuitem name="FileSheets" action="FileSheets" />
			<separator name="FileSep3 "/>

			<menuitem name="DiagramProperties" action="DiagramProperties" />
			<menuitem name="FilePagesetup" action="FilePagesetup" />
			<menuitem name="FilePrint" action="FilePrint" />
			<separator name="FileSep4 "/>

			<menuitem name="FileClose" action="FileClose" />
			<separator/>

			<menuitem name="FilePrefs" action="FilePrefs" />
			<menuitem name="FilePlugins" action="FilePlugins" />

			<separator name="FileRecentStart"/>

			<separator name="FileRecentEnd" />

			<menuitem name="FileQuit" action="FileQuit" />
		</menu>
		<menu name="Edit" action="Edit">
			<menuitem name="EditUndo" action="EditUndo" />
			<menuitem name="EditRedo" action="EditRedo" />
			<separator name="EditSep1" />
			<menuitem name="EditCopy" action="EditCopy" />
			<menuitem name="EditCut" action="EditCut" />
			<menuitem name="EditPaste" action="EditPaste" />
			<menuitem name="EditDuplicate" action="EditDuplicate" />
			<menuitem name="EditDelete" action="EditDelete" />
			<separator name="EditSep2" />
			<menuitem name="EditFind" action="EditFind" />
			<menuitem name="EditReplace" action="EditReplace" />
			<separator name="EditSep3" />
			<menuitem name="EditCopytext" action="EditCopytext" />
			<menuitem name="EditCuttext" action="EditCuttext" />
			<menuitem name="EditPastetext" action="EditPastetext" />
		</menu>
		<menu name="View" action="View">
			<menuitem name="ViewZoomin" action="ViewZoomin" />
			<menuitem name="ViewZoomout" action="ViewZoomout" />
			<menu name="ViewZoom" action="ViewZoom">
				<menuitem name="ViewZoom16000" action="ViewZoom16000" />
				<menuitem name="ViewZoom8000" action="ViewZoom8000" />
				<menuitem name="ViewZoom4000" action="ViewZoom4000" />
				<menuitem name="ViewZoom2830" action="ViewZoom2830" />
				<menuitem name="ViewZoom2000" action="ViewZoom2000" />
				<menuitem name="ViewZoom1410" action="ViewZoom1410" />
				<menuitem name="ViewZoom1000" action="ViewZoom1000" />
				<menuitem name="ViewZoom850" action="ViewZoom850" />
				<menuitem name="ViewZoom707" action="ViewZoom707" />
				<menuitem name="ViewZoom500" action="ViewZoom500" />
				<menuitem name="ViewZoom354" action="ViewZoom354" />
				<menuitem name="ViewZoom250" action="ViewZoom250" />
			</menu>
			<menuitem name="ViewShowall" action="ViewShowall" />
			<separator name="ViewSep1" />
			<menuitem name="ViewFullscreen" action="ViewFullscreen" />
			<menuitem name="ViewMainToolbar" action="ViewMainToolbar" />
			<menuitem name="ViewLayers" action="ViewLayers" />
			<menuitem name="ViewMainStatusbar" action="ViewMainStatusbar" />
			<separator name="ViewSep2" />
			<menuitem name="ViewAntialiased" action="ViewAntialiased" />
			<menuitem name="ViewShowgrid" action="ViewShowgrid" />
			<menuitem name="ViewSnaptogrid" action="ViewSnaptogrid" />
			<menuitem name="ViewSnaptoobjects" action="ViewSnaptoobjects" />
			<menuitem name="ViewShowrulers" action="ViewShowrulers" />
			<menuitem name="ViewShowconnectionpoints" action="ViewShowconnectionpoints" />
			<separator name="ViewSep3" />
			<menuitem name="ViewNewview" action="ViewNewview" />
			<menuitem name="ViewCloneview" action="ViewCloneview" />
			<menuitem name="ViewRedraw" action="ViewRedraw" />
		</menu>

		<menu name="Layers" action="Layers">
			<menuitem name="LayerAdd" action="LayerAdd" />
			<menuitem name="LayerRename" action="LayerRename" />
			<separator name="LayersSep1" />
			<menuitem name="ObjectsLayerAbove" action="ObjectsLayerAbove" />
			<menuitem name="ObjectsLayerBelow" action="ObjectsLayerBelow" />
		</menu>

		<menu name="Objects" action="Objects">
			<menuitem name="ObjectsSendtoback" action="ObjectsSendtoback" />
			<menuitem name="ObjectsBringtofront" action="ObjectsBringtofront" />
			<menuitem name="ObjectsSendbackwards" action="ObjectsSendbackwards" />
			<menuitem name="ObjectsBringforwards" action="ObjectsBringforwards" />
			<separator name="ObjectsSep1" />
			<menuitem name="ObjectsGroup" action="ObjectsGroup" />
			<menuitem name="ObjectsUngroup" action="ObjectsUngroup" />
			<separator name="ObjectsSep2" />
			<menuitem name="ObjectsParent" action="ObjectsParent" />
			<menuitem name="ObjectsUnparent" action="ObjectsUnparent" />
			<menuitem name="ObjectsUnparentchildren" action="ObjectsUnparentchildren" />
			<separator name="ObjectsSep3" />
			<menu name="ObjectsAlign" action="ObjectsAlign">
				<menuitem name="ObjectsAlignLeft" action="ObjectsAlignLeft" />
				<menuitem name="ObjectsAlignCenter" action="ObjectsAlignCenter" />
				<menuitem name="ObjectsAlignRight" action="ObjectsAlignRight" />
				<separator name="ObjectsAlignSep1" />
				<menuitem name="ObjectsAlignTop" action="ObjectsAlignTop" />
				<menuitem name="ObjectsAlignMiddle" action="ObjectsAlignMiddle" />
				<menuitem name="ObjectsAlignBottom" action="ObjectsAlignBottom" />
				<separator name="ObjectsAlignSep2" />
				<menuitem name="ObjectsAlignSpreadouthorizontally" action="ObjectsAlignSpreadouthorizontally" />
				<menuitem name="ObjectsAlignSpreadoutvertically" action="ObjectsAlignSpreadoutvertically" />
				<menuitem name="ObjectsAlignAdjacent" action="ObjectsAlignAdjacent" />
				<menuitem name="ObjectsAlignStacked" action="ObjectsAlignStacked" />
			</menu>
			<separator name="ObjectsSep4" />
			<menuitem name="ObjectsProperties" action="ObjectsProperties" />
			<separator name="ObjectsExtensionStart" />
		</menu>
		<menu name="Select" action="Select">
			<menuitem name="SelectAll" action="SelectAll" />
			<menuitem name="SelectNone" action="SelectNone" />
			<menuitem name="SelectInvert" action="SelectInvert" />
			<separator name="SelectSep1" />
			<menuitem name="SelectTransitive" action="SelectTransitive" />
			<menuitem name="SelectConnected" action="SelectConnected" />
			<menuitem name="SelectSametype" action="SelectSametype" />
			<separator name="SelectSep2" />
			<menuitem name="SelectReplace" action="SelectReplace" />
			<menuitem name="SelectUnion" action="SelectUnion" />
			<menuitem name="SelectIntersection" action="SelectIntersection" />
			<menuitem name="SelectRemove" action="SelectRemove" />
			<menuitem name="SelectInverse" action="SelectInverse" />
			<separator name="SelectSep3" />
			<menu name="SelectBy" action="SelectBy">
				<separator name="SelectByExtensionStart" />
			</menu>
		</menu>
		<menu name="Tools" action="Tools">
			<menuitem name="ToolsModify" action="ToolsModify" />
			<menuitem name="ToolsTextedit" action="ToolsTextedit" />
			<menuitem name="ToolsMagnify" action="ToolsMagnify" />
			<menuitem name="ToolsScroll" action="ToolsScroll" />
			<menuitem name="ToolsText" action="ToolsText" />
			<menuitem name="ToolsBox" action="ToolsBox" />
			<menuitem name="ToolsEllipse" action="ToolsEllipse" />
			<menuitem name="ToolsPolygon" action="ToolsPolygon" />
			<menuitem name="ToolsBeziergon" action="ToolsBeziergon" />
			<separator name="ToolsSep1" />
			<menuitem name="ToolsLine" action="ToolsLine" />
			<menuitem name="ToolsArc" action="ToolsArc" />
			<menuitem name="ToolsZigzagline" action="ToolsZigzagline" />
			<menuitem name="ToolsPolyline" action="ToolsPolyline" />
			<menuitem name="ToolsBezierline" action="ToolsBezierline" />
			<menuitem name="ToolsOutline" action="ToolsOutline" />
			<separator name="ToolsSep1" />
			<menuitem name="ToolsImage" action="ToolsImage" />
		</menu>
		<menuitem name="InputMethods" action="InputMethods" />
		<menu name="Dialogs" action="Dialogs">
			<separator name="DialogsExtensionStart" />
		</menu>
		<menu name="Debug" action="Debug">
			<separator name="DebugExtensionStart" />
		</menu>

		<menu name="Help" action="Help">
			<menuitem name="HelpContents" action="HelpContents" />
			<separator name="HelpExtensionStart" />
			<separator name="HelpExtensionEnd" />
			<menuitem name="HelpAbout" action="HelpAbout" />
		</menu>
	</menubar>
</ui>
