<ui>
  <toolbar name="Toolbar">
	<toolitem name="FileNew" action="FileNew" />
	<toolitem name="FileOpen" action="FileOpen" />
	<toolitem name="FileSave" action="FileSave" />
	<toolitem name="FileSaveas" action="FileSaveas" />
	<toolitem name="FileExport" action="FileExport" />
	<toolitem name="FilePrint" action="FilePrint" />
	<separator/>
	<toolitem name="EditCopy" action="EditCopy" />
	<toolitem name="EditCut" action="EditCut" />
	<toolitem name="EditPaste" action="EditPaste" />
	<separator/>
	<toolitem name="ViewZoomin" action="ViewZoomin" />
	<toolitem name="ViewShowall" action="ViewShowall" />
	<toolitem name="ViewZoomout" action="ViewZoomout" />
  </toolbar>
</ui>
